currency,ticker,date,open_price,high,low,close_price,volume,market_cap
XRP,XRP,"Feb 26, 2022",$0.7686,$0.7882,$0.7436,$0.751,"$3,051,695,701","$36,008,637,870"
XRP,XRP,"Feb 25, 2022",$0.6963,$0.7689,$0.6858,$0.7689,"$3,460,713,330","$36,868,338,077"
XRP,XRP,"Feb 24, 2022",$0.6986,$0.7129,$0.6271,$0.6963,"$5,146,799,150","$33,385,746,487"
XRP,XRP,"Feb 23, 2022",$0.7229,$0.7389,$0.6963,$0.6987,"$2,690,184,820","$33,504,378,574"
XRP,XRP,"Feb 22, 2022",$0.7033,$0.7252,$0.6788,$0.7228,"$3,539,593,096","$34,659,333,456"
XRP,XRP,"Feb 21, 2022",$0.7782,$0.7997,$0.702,$0.7035,"$3,580,522,306","$33,730,672,760"
XRP,XRP,"Feb 20, 2022",$0.8225,$0.8227,$0.77,$0.7783,"$3,041,836,889","$37,318,724,163"
XRP,XRP,"Feb 19, 2022",$0.7859,$0.8498,$0.7736,$0.8225,"$3,325,442,943","$39,439,647,397"
XRP,XRP,"Feb 18, 2022",$0.7673,$0.8039,$0.7603,$0.7859,"$2,913,093,056","$37,682,867,753"
XRP,XRP,"Feb 17, 2022",$0.8387,$0.8441,$0.7582,$0.7672,"$2,798,023,719","$36,785,413,824"
XRP,XRP,"Feb 16, 2022",$0.8524,$0.8524,$0.8131,$0.839,"$2,165,008,058","$40,180,105,122"
XRP,XRP,"Feb 15, 2022",$0.8022,$0.8559,$0.7983,$0.8523,"$2,249,706,300","$40,816,850,707"
XRP,XRP,"Feb 14, 2022",$0.8099,$0.8105,$0.7826,$0.8022,"$2,401,300,497","$38,372,052,719"
XRP,XRP,"Feb 13, 2022",$0.8222,$0.8443,$0.7963,$0.8103,"$2,504,198,747","$38,757,348,317"
XRP,XRP,"Feb 12, 2022",$0.7602,$0.8488,$0.753,$0.8224,"$3,457,258,389","$39,337,817,275"
XRP,XRP,"Feb 11, 2022",$0.8299,$0.8299,$0.7543,$0.7602,"$3,346,204,748","$36,363,472,398"
XRP,XRP,"Feb 10, 2022",$0.8709,$0.8946,$0.8299,$0.83,"$3,535,002,566","$39,701,428,233"
XRP,XRP,"Feb 09, 2022",$0.8775,$0.9091,$0.8474,$0.8706,"$3,760,269,362","$41,644,223,972"
XRP,XRP,"Feb 08, 2022",$0.8284,$0.9111,$0.8062,$0.8782,"$6,159,382,645","$42,006,172,833"
XRP,XRP,"Feb 07, 2022",$0.6836,$0.8342,$0.6744,$0.8278,"$4,197,403,037","$39,596,604,271"
XRP,XRP,"Feb 06, 2022",$0.6671,$0.6852,$0.6623,$0.6836,"$1,095,140,341","$32,700,536,071"
XRP,XRP,"Feb 05, 2022",$0.6558,$0.6837,$0.6523,$0.6671,"$1,760,389,771","$31,910,303,814"
XRP,XRP,"Feb 04, 2022",$0.6076,$0.6565,$0.6052,$0.6559,"$1,543,180,484","$31,372,230,240"
XRP,XRP,"Feb 03, 2022",$0.6014,$0.6077,$0.5923,$0.6077,"$1,042,290,345","$29,067,008,485"
XRP,XRP,"Feb 02, 2022",$0.6292,$0.6307,$0.5991,$0.6015,"$1,182,736,030","$28,712,954,961"
XRP,XRP,"Feb 01, 2022",$0.619,$0.6303,$0.613,$0.6292,"$1,183,031,072","$30,037,662,360"
XRP,XRP,"Jan 31, 2022",$0.6031,$0.6223,$0.5828,$0.6191,"$1,266,538,239","$29,556,246,106"
XRP,XRP,"Jan 30, 2022",$0.617,$0.6225,$0.5998,$0.6032,"$870,878,596","$28,793,982,070"
XRP,XRP,"Jan 29, 2022",$0.6125,$0.6234,$0.6103,$0.6169,"$958,847,124","$29,450,587,009"
XRP,XRP,"Jan 28, 2022",$0.6086,$0.6129,$0.5934,$0.6125,"$1,318,006,848","$29,239,432,357"
XRP,XRP,"Jan 27, 2022",$0.6219,$0.6235,$0.5915,$0.6088,"$1,586,137,620","$29,060,812,990"
XRP,XRP,"Jan 26, 2022",$0.6175,$0.6525,$0.6086,$0.6221,"$2,302,112,575","$29,695,823,921"
XRP,XRP,"Jan 25, 2022",$0.6121,$0.6212,$0.5899,$0.6176,"$1,731,121,388","$29,480,540,847"
XRP,XRP,"Jan 24, 2022",$0.6288,$0.6288,$0.5587,$0.6121,"$2,759,980,202","$29,221,617,471"
XRP,XRP,"Jan 23, 2022",$0.5962,$0.634,$0.5938,$0.6288,"$1,851,934,913","$30,014,890,499"
XRP,XRP,"Jan 22, 2022",$0.636,$0.6518,$0.5594,$0.596,"$3,613,862,355","$28,453,215,896"
XRP,XRP,"Jan 21, 2022",$0.7196,$0.7282,$0.6232,$0.6357,"$3,150,758,603","$30,348,183,253"
XRP,XRP,"Jan 20, 2022",$0.7397,$0.7616,$0.7194,$0.7194,"$1,251,475,248","$34,289,841,110"
XRP,XRP,"Jan 19, 2022",$0.7526,$0.7532,$0.7265,$0.7397,"$1,446,126,322","$35,258,733,501"
XRP,XRP,"Jan 18, 2022",$0.7628,$0.768,$0.7395,$0.7526,"$1,510,069,237","$35,872,752,053"
XRP,XRP,"Jan 17, 2022",$0.779,$0.7802,$0.7524,$0.7627,"$1,406,443,014","$36,354,642,921"
XRP,XRP,"Jan 16, 2022",$0.7813,$0.784,$0.771,$0.779,"$1,005,077,258","$37,127,364,883"
XRP,XRP,"Jan 15, 2022",$0.7743,$0.7889,$0.7709,$0.7814,"$1,029,135,167","$37,245,043,057"
XRP,XRP,"Jan 14, 2022",$0.7684,$0.7894,$0.7556,$0.7743,"$1,576,111,969","$36,905,410,371"
XRP,XRP,"Jan 13, 2022",$0.7995,$0.801,$0.7631,$0.7683,"$1,578,656,460","$36,584,041,452"
XRP,XRP,"Jan 12, 2022",$0.7706,$0.806,$0.7596,$0.7995,"$1,976,047,994","$38,070,557,828"
XRP,XRP,"Jan 11, 2022",$0.7394,$0.7735,$0.7342,$0.7706,"$1,897,366,203","$36,660,803,431"
XRP,XRP,"Jan 10, 2022",$0.7544,$0.7585,$0.7055,$0.7393,"$2,014,043,704","$35,175,473,469"
XRP,XRP,"Jan 09, 2022",$0.7477,$0.7663,$0.7415,$0.7545,"$1,182,503,166","$35,897,214,432"
XRP,XRP,"Jan 08, 2022",$0.7631,$0.7751,$0.7278,$0.7477,"$1,792,091,501","$35,572,883,103"
XRP,XRP,"Jan 07, 2022",$0.7813,$0.7813,$0.7346,$0.7631,"$2,329,624,598","$36,304,923,989"
XRP,XRP,"Jan 06, 2022",$0.7743,$0.7892,$0.7443,$0.7813,"$2,165,022,786","$37,174,268,618"
XRP,XRP,"Jan 05, 2022",$0.8247,$0.8355,$0.7327,$0.7744,"$2,252,733,064","$36,841,776,825"
XRP,XRP,"Jan 04, 2022",$0.8329,$0.8441,$0.8196,$0.8247,"$1,514,079,366","$39,201,627,718"
XRP,XRP,"Jan 03, 2022",$0.8591,$0.8591,$0.8241,$0.8329,"$1,428,968,710","$39,591,978,498"
XRP,XRP,"Jan 02, 2022",$0.8494,$0.8636,$0.8392,$0.8591,"$1,134,033,205","$40,838,984,414"
XRP,XRP,"Jan 01, 2022",$0.8313,$0.8532,$0.8307,$0.8495,"$1,156,464,024","$40,380,448,983"
XRP,XRP,"Dec 31, 2021",$0.8397,$0.8529,$0.8058,$0.8312,"$1,736,939,791","$39,510,117,215"
XRP,XRP,"Dec 30, 2021",$0.8179,$0.8563,$0.8045,$0.8396,"$1,880,399,926","$39,913,519,000"
XRP,XRP,"Dec 29, 2021",$0.8531,$0.865,$0.8137,$0.8167,"$2,050,248,751","$38,823,298,887"
XRP,XRP,"Dec 28, 2021",$0.9268,$0.9268,$0.8487,$0.853,"$2,281,985,956","$40,546,296,042"
XRP,XRP,"Dec 27, 2021",$0.9208,$0.9559,$0.9145,$0.9262,"$1,788,981,449","$44,027,073,353"
XRP,XRP,"Dec 26, 2021",$0.9257,$0.934,$0.9073,$0.9212,"$1,324,703,098","$43,789,189,736"
XRP,XRP,"Dec 25, 2021",$0.9124,$0.9339,$0.9023,$0.9248,"$1,747,049,348","$43,962,148,015"
XRP,XRP,"Dec 24, 2021",$0.9948,$0.9967,$0.8991,$0.912,"$3,864,725,087","$43,355,016,374"
XRP,XRP,"Dec 23, 2021",$0.9548,$1.02,$0.9408,$0.9933,"$4,257,231,145","$47,216,781,864"
XRP,XRP,"Dec 22, 2021",$0.9481,$0.9728,$0.9272,$0.9547,"$3,317,199,427","$45,106,931,979"
XRP,XRP,"Dec 21, 2021",$0.8794,$0.9609,$0.8544,$0.9476,"$3,748,952,692","$44,773,731,359"
XRP,XRP,"Dec 20, 2021",$0.8359,$0.9143,$0.8264,$0.8798,"$4,587,029,518","$41,569,511,380"
XRP,XRP,"Dec 19, 2021",$0.8272,$0.8483,$0.8213,$0.835,"$1,576,121,375","$39,453,059,811"
XRP,XRP,"Dec 18, 2021",$0.799,$0.8347,$0.7928,$0.8274,"$1,806,931,648","$39,091,417,282"
XRP,XRP,"Dec 17, 2021",$0.806,$0.8286,$0.7804,$0.7993,"$2,364,224,847","$37,764,335,881"
XRP,XRP,"Dec 16, 2021",$0.8277,$0.837,$0.8046,$0.8062,"$2,178,245,900","$38,092,182,469"
XRP,XRP,"Dec 15, 2021",$0.8117,$0.8401,$0.7798,$0.8274,"$3,088,068,968","$39,093,865,518"
XRP,XRP,"Dec 14, 2021",$0.7828,$0.8176,$0.7756,$0.7962,"$3,477,802,545","$37,620,617,955"
XRP,XRP,"Dec 13, 2021",$0.8414,$0.8459,$0.7645,$0.7829,"$2,509,034,504","$36,989,642,588"
XRP,XRP,"Dec 12, 2021",$0.8387,$0.8568,$0.8112,$0.8413,"$1,628,060,313","$39,750,263,456"
XRP,XRP,"Dec 11, 2021",$0.8021,$0.8443,$0.7894,$0.8393,"$2,056,974,461","$39,655,263,406"
XRP,XRP,"Dec 10, 2021",$0.861,$0.8834,$0.7963,$0.8011,"$3,267,095,314","$37,849,684,985"
XRP,XRP,"Dec 09, 2021",$0.8621,$0.9305,$0.8351,$0.8613,"$4,555,815,213","$40,692,779,516"
XRP,XRP,"Dec 08, 2021",$0.8175,$0.8856,$0.8059,$0.8633,"$3,038,966,909","$40,788,933,387"
XRP,XRP,"Dec 07, 2021",$0.8291,$0.8458,$0.8072,$0.8186,"$2,720,124,735","$38,676,090,001"
XRP,XRP,"Dec 06, 2021",$0.806,$0.8319,$0.7523,$0.8283,"$3,447,952,788","$39,134,367,677"
XRP,XRP,"Dec 05, 2021",$0.8467,$0.8638,$0.7804,$0.8056,"$3,553,480,780","$38,062,181,529"
XRP,XRP,"Dec 04, 2021",$0.9241,$0.9267,$0.6145,$0.847,"$6,970,805,726","$40,019,838,916"
XRP,XRP,"Dec 03, 2021",$0.9735,$0.9853,$0.906,$0.9222,"$2,714,612,022","$43,573,524,975"
XRP,XRP,"Dec 02, 2021",$0.9909,$0.9909,$0.9599,$0.9723,"$2,250,871,711","$45,908,803,255"
XRP,XRP,"Dec 01, 2021",$0.9982,$1.02,$0.982,$0.9909,"$2,570,587,577","$46,787,835,445"
XRP,XRP,"Nov 30, 2021",$0.9915,$1.03,$0.9737,$0.9988,"$2,949,826,821","$47,100,211,147"
XRP,XRP,"Nov 29, 2021",$0.9698,$1.00,$0.9663,$0.992,"$2,917,313,727","$46,779,851,696"
XRP,XRP,"Nov 28, 2021",$0.9477,$0.9698,$0.8966,$0.9688,"$2,605,488,239","$45,685,317,112"
XRP,XRP,"Nov 27, 2021",$0.94,$0.9673,$0.9366,$0.9472,"$2,410,404,614","$44,667,017,450"
XRP,XRP,"Nov 26, 2021",$1.04,$1.05,$0.9254,$0.9364,"$4,293,461,689","$44,157,315,528"
XRP,XRP,"Nov 25, 2021",$1.03,$1.06,$1.02,$1.03,"$3,107,133,471","$48,662,772,245"
XRP,XRP,"Nov 24, 2021",$1.07,$1.07,$1.01,$1.04,"$3,151,964,356","$49,143,202,950"
XRP,XRP,"Nov 23, 2021",$1.04,$1.07,$1.02,$1.07,"$3,098,367,613","$50,321,301,841"
XRP,XRP,"Nov 22, 2021",$1.06,$1.07,$1.03,$1.04,"$2,844,568,485","$48,886,029,570"
XRP,XRP,"Nov 21, 2021",$1.10,$1.10,$1.06,$1.06,"$2,213,864,918","$49,996,674,606"
XRP,XRP,"Nov 20, 2021",$1.09,$1.10,$1.06,$1.10,"$2,575,832,703","$51,763,863,310"
XRP,XRP,"Nov 19, 2021",$1.04,$1.10,$1.02,$1.09,"$3,716,379,231","$51,473,654,741"
XRP,XRP,"Nov 18, 2021",$1.10,$1.16,$1.02,$1.04,"$5,394,362,498","$49,137,485,491"
XRP,XRP,"Nov 17, 2021",$1.09,$1.11,$1.07,$1.10,"$3,701,959,225","$51,699,946,366"
XRP,XRP,"Nov 16, 2021",$1.17,$1.17,$1.05,$1.09,"$4,829,173,281","$51,447,319,560"
XRP,XRP,"Nov 15, 2021",$1.19,$1.22,$1.17,$1.17,"$2,850,390,389","$55,240,642,587"
XRP,XRP,"Nov 14, 2021",$1.19,$1.20,$1.17,$1.19,"$2,210,065,757","$56,053,003,303"
XRP,XRP,"Nov 13, 2021",$1.19,$1.20,$1.17,$1.19,"$2,889,142,419","$56,210,559,815"
XRP,XRP,"Nov 12, 2021",$1.22,$1.23,$1.16,$1.19,"$4,230,289,448","$56,088,750,725"
XRP,XRP,"Nov 11, 2021",$1.19,$1.25,$1.18,$1.22,"$4,904,300,953","$57,456,775,920"
XRP,XRP,"Nov 10, 2021",$1.26,$1.35,$1.13,$1.19,"$7,430,166,330","$56,186,000,041"
XRP,XRP,"Nov 09, 2021",$1.28,$1.29,$1.23,$1.26,"$5,211,033,825","$59,272,552,245"
XRP,XRP,"Nov 08, 2021",$1.22,$1.30,$1.22,$1.28,"$5,547,697,296","$60,376,473,907"
XRP,XRP,"Nov 07, 2021",$1.15,$1.24,$1.15,$1.22,"$3,384,556,620","$57,323,540,669"
XRP,XRP,"Nov 06, 2021",$1.16,$1.17,$1.11,$1.15,"$2,630,197,378","$54,259,491,824"
XRP,XRP,"Nov 05, 2021",$1.20,$1.20,$1.14,$1.16,"$3,572,443,866","$54,686,911,055"
XRP,XRP,"Nov 04, 2021",$1.21,$1.25,$1.17,$1.20,"$5,210,115,532","$56,592,297,184"
XRP,XRP,"Nov 03, 2021",$1.14,$1.23,$1.13,$1.21,"$6,526,803,610","$56,912,140,280"
XRP,XRP,"Nov 02, 2021",$1.09,$1.15,$1.09,$1.14,"$3,609,677,729","$53,494,011,976"
XRP,XRP,"Nov 01, 2021",$1.11,$1.13,$1.07,$1.09,"$3,655,823,943","$51,381,421,184"
XRP,XRP,"Oct 31, 2021",$1.09,$1.15,$1.07,$1.11,"$4,607,785,327","$52,339,587,880"
XRP,XRP,"Oct 30, 2021",$1.08,$1.11,$1.06,$1.08,"$3,261,273,038","$50,962,128,039"
XRP,XRP,"Oct 29, 2021",$1.06,$1.09,$1.06,$1.08,"$3,549,325,709","$50,847,132,315"
XRP,XRP,"Oct 28, 2021",$0.9952,$1.08,$0.9841,$1.06,"$5,528,214,768","$49,780,694,862"
XRP,XRP,"Oct 27, 2021",$1.11,$1.13,$0.9702,$0.9955,"$6,433,932,056","$46,801,415,838"
XRP,XRP,"Oct 26, 2021",$1.10,$1.16,$1.09,$1.11,"$3,933,349,796","$52,097,271,166"
XRP,XRP,"Oct 25, 2021",$1.08,$1.10,$1.08,$1.10,"$2,595,663,483","$51,413,671,451"
XRP,XRP,"Oct 24, 2021",$1.09,$1.10,$1.06,$1.08,"$2,240,272,602","$50,903,113,917"
XRP,XRP,"Oct 23, 2021",$1.09,$1.10,$1.08,$1.09,"$2,236,173,913","$51,382,650,889"
XRP,XRP,"Oct 22, 2021",$1.09,$1.13,$1.08,$1.09,"$3,296,407,032","$51,095,191,252"
XRP,XRP,"Oct 21, 2021",$1.15,$1.16,$1.09,$1.09,"$4,035,726,860","$51,139,376,561"
XRP,XRP,"Oct 20, 2021",$1.09,$1.15,$1.09,$1.14,"$3,394,782,025","$53,550,188,925"
XRP,XRP,"Oct 19, 2021",$1.08,$1.10,$1.07,$1.09,"$2,586,014,628","$51,194,671,133"
XRP,XRP,"Oct 18, 2021",$1.09,$1.11,$1.07,$1.08,"$3,186,066,188","$50,808,473,634"
XRP,XRP,"Oct 17, 2021",$1.13,$1.14,$1.03,$1.09,"$3,227,519,874","$51,259,722,974"
XRP,XRP,"Oct 16, 2021",$1.14,$1.19,$1.13,$1.14,"$3,776,545,069","$53,211,168,217"
XRP,XRP,"Oct 15, 2021",$1.13,$1.16,$1.10,$1.14,"$5,364,938,375","$53,466,835,376"
XRP,XRP,"Oct 14, 2021",$1.13,$1.16,$1.12,$1.13,"$3,184,675,623","$53,080,820,685"
XRP,XRP,"Oct 13, 2021",$1.10,$1.14,$1.08,$1.13,"$3,675,636,699","$52,815,266,691"
XRP,XRP,"Oct 12, 2021",$1.14,$1.14,$1.07,$1.10,"$3,959,747,373","$51,573,371,753"
XRP,XRP,"Oct 11, 2021",$1.14,$1.18,$1.11,$1.14,"$4,022,773,988","$53,259,748,519"
XRP,XRP,"Oct 10, 2021",$1.16,$1.23,$1.13,$1.14,"$5,165,905,723","$53,286,170,976"
XRP,XRP,"Oct 09, 2021",$1.06,$1.21,$1.06,$1.16,"$4,844,564,004","$54,291,223,686"
XRP,XRP,"Oct 08, 2021",$1.07,$1.09,$1.06,$1.06,"$2,577,289,115","$49,749,449,084"
XRP,XRP,"Oct 07, 2021",$1.08,$1.09,$1.05,$1.07,"$3,192,050,513","$49,989,786,895"
XRP,XRP,"Oct 06, 2021",$1.08,$1.11,$1.02,$1.08,"$3,806,090,854","$50,440,520,123"
XRP,XRP,"Oct 05, 2021",$1.04,$1.09,$1.04,$1.09,"$3,251,465,579","$50,747,746,964"
XRP,XRP,"Oct 04, 2021",$1.06,$1.06,$1.01,$1.04,"$3,164,260,800","$48,760,908,473"
XRP,XRP,"Oct 03, 2021",$1.04,$1.09,$1.02,$1.06,"$3,496,121,109","$49,329,658,370"
XRP,XRP,"Oct 02, 2021",$1.04,$1.07,$1.01,$1.04,"$3,884,936,924","$48,558,526,830"
XRP,XRP,"Oct 01, 2021",$0.9538,$1.06,$0.9454,$1.04,"$5,125,674,349","$48,743,111,955"
XRP,XRP,"Sep 30, 2021",$0.9275,$0.9641,$0.9229,$0.9526,"$3,051,316,850","$44,536,153,774"
XRP,XRP,"Sep 29, 2021",$0.8946,$0.9903,$0.8879,$0.9283,"$3,558,174,320","$43,400,740,797"
XRP,XRP,"Sep 28, 2021",$0.9231,$0.9426,$0.8925,$0.8937,"$2,818,990,506","$41,780,353,565"
XRP,XRP,"Sep 27, 2021",$0.946,$0.9815,$0.9211,$0.9237,"$3,014,579,575","$43,152,397,720"
XRP,XRP,"Sep 26, 2021",$0.9416,$0.9567,$0.8948,$0.9447,"$3,142,032,669","$44,135,149,071"
XRP,XRP,"Sep 25, 2021",$0.9455,$0.9569,$0.9196,$0.9413,"$3,067,009,121","$43,977,267,939"
XRP,XRP,"Sep 24, 2021",$1.00,$1.00,$0.8924,$0.9459,"$4,425,027,059","$44,191,347,620"
XRP,XRP,"Sep 23, 2021",$1.00,$1.02,$0.9705,$1.00,"$3,734,263,358","$46,812,952,763"
XRP,XRP,"Sep 22, 2021",$0.8738,$1.01,$0.8696,$1.00,"$4,813,963,292","$46,908,062,027"
XRP,XRP,"Sep 21, 2021",$0.9223,$0.9593,$0.8607,$0.8763,"$4,787,985,414","$40,940,000,991"
XRP,XRP,"Sep 20, 2021",$1.05,$1.05,$0.8879,$0.9172,"$5,775,337,511","$42,759,674,555"
XRP,XRP,"Sep 19, 2021",$1.08,$1.08,$1.04,$1.05,"$2,148,537,763","$48,880,060,224"
XRP,XRP,"Sep 18, 2021",$1.07,$1.09,$1.06,$1.08,"$2,308,814,476","$50,150,029,617"
XRP,XRP,"Sep 17, 2021",$1.09,$1.10,$1.05,$1.07,"$2,989,925,804","$49,680,556,383"
XRP,XRP,"Sep 16, 2021",$1.12,$1.13,$1.07,$1.09,"$3,168,621,354","$50,888,059,286"
XRP,XRP,"Sep 15, 2021",$1.10,$1.13,$1.08,$1.12,"$2,997,048,680","$52,279,978,058"
XRP,XRP,"Sep 14, 2021",$1.07,$1.10,$1.06,$1.10,"$3,378,813,327","$51,124,757,110"
XRP,XRP,"Sep 13, 2021",$1.12,$1.13,$1.03,$1.06,"$4,391,908,806","$49,598,337,464"
XRP,XRP,"Sep 12, 2021",$1.08,$1.13,$1.06,$1.12,"$3,403,286,576","$52,158,563,411"
XRP,XRP,"Sep 11, 2021",$1.06,$1.11,$1.05,$1.08,"$3,986,494,412","$50,307,743,576"
XRP,XRP,"Sep 10, 2021",$1.09,$1.24,$1.03,$1.06,"$7,726,257,543","$49,253,083,573"
XRP,XRP,"Sep 09, 2021",$1.09,$1.14,$0.8383,$1.09,"$5,171,653,352","$50,750,034,997"
XRP,XRP,"Sep 08, 2021",$1.13,$1.15,$1.02,$1.10,"$7,367,876,460","$51,277,350,704"
XRP,XRP,"Sep 07, 2021",$1.39,$1.39,$0.9755,$1.13,"$11,310,427,430","$52,364,743,398"
XRP,XRP,"Sep 06, 2021",$1.31,$1.41,$1.31,$1.39,"$7,403,887,685","$64,666,529,505"
XRP,XRP,"Sep 05, 2021",$1.26,$1.31,$1.24,$1.31,"$4,077,886,190","$60,760,906,595"
XRP,XRP,"Sep 04, 2021",$1.29,$1.30,$1.24,$1.26,"$4,284,360,888","$58,446,890,874"
XRP,XRP,"Sep 03, 2021",$1.25,$1.32,$1.23,$1.29,"$5,896,982,947","$60,106,394,915"
XRP,XRP,"Sep 02, 2021",$1.24,$1.29,$1.22,$1.26,"$5,456,908,792","$58,472,249,963"
XRP,XRP,"Sep 01, 2021",$1.19,$1.23,$1.16,$1.23,"$4,937,053,998","$57,474,640,800"
XRP,XRP,"Aug 31, 2021",$1.10,$1.24,$1.09,$1.19,"$5,897,781,233","$55,273,333,181"
XRP,XRP,"Aug 30, 2021",$1.14,$1.15,$1.10,$1.10,"$3,635,181,352","$51,231,708,606"
XRP,XRP,"Aug 29, 2021",$1.15,$1.17,$1.12,$1.14,"$3,456,541,619","$53,064,210,217"
XRP,XRP,"Aug 28, 2021",$1.19,$1.20,$1.14,$1.15,"$3,655,937,721","$53,281,544,266"
XRP,XRP,"Aug 27, 2021",$1.07,$1.19,$1.05,$1.19,"$5,062,671,613","$55,280,177,531"
XRP,XRP,"Aug 26, 2021",$1.17,$1.19,$1.07,$1.08,"$4,914,724,770","$50,014,517,959"
XRP,XRP,"Aug 25, 2021",$1.14,$1.18,$1.11,$1.17,"$4,735,020,572","$54,538,542,684"
XRP,XRP,"Aug 24, 2021",$1.25,$1.26,$1.13,$1.14,"$6,109,699,877","$52,902,333,464"
XRP,XRP,"Aug 23, 2021",$1.23,$1.30,$1.22,$1.25,"$6,299,948,689","$57,962,916,947"
XRP,XRP,"Aug 22, 2021",$1.22,$1.25,$1.18,$1.23,"$4,452,016,856","$57,054,490,733"
XRP,XRP,"Aug 21, 2021",$1.26,$1.28,$1.21,$1.22,"$4,955,470,066","$56,531,735,090"
XRP,XRP,"Aug 20, 2021",$1.23,$1.29,$1.20,$1.26,"$6,600,353,564","$58,704,239,544"
XRP,XRP,"Aug 19, 2021",$1.14,$1.23,$1.09,$1.23,"$6,781,867,994","$57,292,421,910"
XRP,XRP,"Aug 18, 2021",$1.10,$1.19,$1.06,$1.15,"$7,559,385,803","$53,261,223,014"
XRP,XRP,"Aug 17, 2021",$1.19,$1.22,$1.09,$1.10,"$7,620,119,367","$50,975,782,194"
XRP,XRP,"Aug 16, 2021",$1.28,$1.33,$1.15,$1.19,"$8,364,848,221","$55,283,063,915"
XRP,XRP,"Aug 15, 2021",$1.28,$1.35,$1.23,$1.29,"$10,899,164,864","$59,793,290,471"
XRP,XRP,"Aug 14, 2021",$1.09,$1.31,$1.07,$1.28,"$12,107,814,480","$59,433,670,765"
XRP,XRP,"Aug 13, 2021",$0.9671,$1.09,$0.9526,$1.09,"$6,425,779,147","$50,593,330,595"
XRP,XRP,"Aug 12, 2021",$1.01,$1.04,$0.9247,$0.9645,"$7,613,283,957","$44,772,072,920"
XRP,XRP,"Aug 11, 2021",$0.8513,$1.09,$0.8487,$1.01,"$8,213,874,830","$46,998,944,149"
XRP,XRP,"Aug 10, 2021",$0.8173,$0.8616,$0.8006,$0.8512,"$4,002,349,584","$39,512,827,527"
XRP,XRP,"Aug 09, 2021",$0.779,$0.8274,$0.7609,$0.8186,"$3,739,417,343","$37,995,293,623"
XRP,XRP,"Aug 08, 2021",$0.8167,$0.8384,$0.7732,$0.7787,"$3,954,749,759","$36,147,218,021"
XRP,XRP,"Aug 07, 2021",$0.7471,$0.818,$0.7414,$0.8163,"$4,067,148,040","$37,889,814,540"
XRP,XRP,"Aug 06, 2021",$0.733,$0.7521,$0.724,$0.7465,"$2,444,020,492","$34,651,347,982"
XRP,XRP,"Aug 05, 2021",$0.7309,$0.7386,$0.7024,$0.7332,"$2,387,435,275","$33,991,279,560"
XRP,XRP,"Aug 04, 2021",$0.7136,$0.7392,$0.6978,$0.7305,"$2,796,312,041","$33,867,793,512"
XRP,XRP,"Aug 03, 2021",$0.7385,$0.7444,$0.7019,$0.7127,"$2,857,095,374","$33,008,209,337"
XRP,XRP,"Aug 02, 2021",$0.7241,$0.7733,$0.7168,$0.7392,"$2,648,561,558","$34,235,061,801"
XRP,XRP,"Aug 01, 2021",$0.7459,$0.7763,$0.7073,$0.7259,"$2,529,023,488","$33,619,230,717"
XRP,XRP,"Jul 31, 2021",$0.7522,$0.7577,$0.7378,$0.7478,"$2,612,372,196","$34,631,811,111"
XRP,XRP,"Jul 30, 2021",$0.7498,$0.7681,$0.7158,$0.7521,"$3,328,523,561","$34,832,471,453"
XRP,XRP,"Jul 29, 2021",$0.7326,$0.7647,$0.6987,$0.748,"$3,717,954,855","$34,642,507,878"
XRP,XRP,"Jul 28, 2021",$0.6456,$0.7518,$0.6322,$0.7254,"$6,452,960,527","$33,597,124,069"
XRP,XRP,"Jul 27, 2021",$0.6242,$0.6521,$0.6129,$0.6446,"$2,800,102,572","$29,853,187,867"
XRP,XRP,"Jul 26, 2021",$0.6069,$0.6779,$0.6053,$0.6256,"$3,879,282,541","$28,944,383,705"
XRP,XRP,"Jul 25, 2021",$0.6092,$0.6118,$0.5914,$0.6064,"$1,707,767,305","$28,053,282,512"
XRP,XRP,"Jul 24, 2021",$0.609,$0.6207,$0.601,$0.6098,"$1,967,190,260","$28,213,825,525"
XRP,XRP,"Jul 23, 2021",$0.5925,$0.6095,$0.5767,$0.6092,"$2,206,128,472","$28,185,910,678"
XRP,XRP,"Jul 22, 2021",$0.5716,$0.6025,$0.5617,$0.5922,"$2,520,533,539","$27,398,591,367"
XRP,XRP,"Jul 21, 2021",$0.5291,$0.5833,$0.5203,$0.57,"$2,610,318,312","$26,371,148,756"
XRP,XRP,"Jul 20, 2021",$0.5576,$0.5684,$0.5179,$0.5293,"$2,026,435,206","$24,489,903,049"
XRP,XRP,"Jul 19, 2021",$0.5872,$0.5894,$0.5552,$0.5576,"$1,706,406,670","$25,795,497,465"
XRP,XRP,"Jul 18, 2021",$0.5826,$0.6012,$0.5734,$0.5879,"$1,567,538,722","$27,171,802,325"
XRP,XRP,"Jul 17, 2021",$0.5895,$0.5977,$0.5732,$0.5824,"$1,796,242,080","$26,917,870,005"
XRP,XRP,"Jul 16, 2021",$0.5975,$0.6168,$0.5888,$0.5908,"$1,902,793,058","$27,303,612,344"
XRP,XRP,"Jul 15, 2021",$0.62,$0.6265,$0.5891,$0.5969,"$2,027,622,754","$27,588,649,222"
XRP,XRP,"Jul 14, 2021",$0.6195,$0.6247,$0.5874,$0.6203,"$1,945,120,121","$28,669,334,327"
XRP,XRP,"Jul 13, 2021",$0.6294,$0.6402,$0.6107,$0.6195,"$1,860,938,764","$28,632,301,527"
XRP,XRP,"Jul 12, 2021",$0.6363,$0.6572,$0.6185,$0.6302,"$1,908,473,825","$29,096,477,844"
XRP,XRP,"Jul 11, 2021",$0.6247,$0.6431,$0.6176,$0.6359,"$1,495,491,616","$29,362,251,755"
XRP,XRP,"Jul 10, 2021",$0.6372,$0.6482,$0.6147,$0.6255,"$1,788,373,889","$28,878,759,908"
XRP,XRP,"Jul 09, 2021",$0.6217,$0.6445,$0.5937,$0.6368,"$2,380,083,031","$29,402,391,754"
XRP,XRP,"Jul 08, 2021",$0.6527,$0.6543,$0.613,$0.6231,"$2,348,704,558","$28,767,723,727"
XRP,XRP,"Jul 07, 2021",$0.6653,$0.6733,$0.651,$0.6516,"$2,077,976,604","$30,084,411,207"
XRP,XRP,"Jul 06, 2021",$0.6531,$0.6799,$0.6527,$0.6654,"$1,938,959,239","$30,722,840,711"
XRP,XRP,"Jul 05, 2021",$0.6957,$0.6957,$0.6485,$0.6543,"$2,076,373,188","$30,193,951,998"
XRP,XRP,"Jul 04, 2021",$0.6732,$0.7078,$0.6658,$0.6949,"$1,885,241,527","$32,069,596,319"
XRP,XRP,"Jul 03, 2021",$0.6556,$0.6837,$0.6447,$0.6729,"$1,872,819,597","$31,051,722,073"
XRP,XRP,"Jul 02, 2021",$0.6599,$0.6673,$0.6347,$0.6568,"$2,061,607,208","$30,307,589,485"
XRP,XRP,"Jul 01, 2021",$0.7048,$0.7048,$0.6468,$0.6612,"$2,553,971,177","$30,511,435,260"
XRP,XRP,"Jun 30, 2021",$0.7057,$0.7137,$0.6495,$0.7064,"$3,097,076,849","$32,597,010,801"
XRP,XRP,"Jun 29, 2021",$0.6439,$0.7277,$0.6424,$0.7017,"$3,325,816,845","$32,382,442,285"
XRP,XRP,"Jun 28, 2021",$0.6483,$0.6544,$0.6246,$0.6437,"$2,323,398,761","$29,769,741,286"
XRP,XRP,"Jun 27, 2021",$0.617,$0.6518,$0.5976,$0.6469,"$2,329,301,222","$29,916,626,946"
XRP,XRP,"Jun 26, 2021",$0.6116,$0.6317,$0.5824,$0.6154,"$2,458,620,798","$28,460,517,498"
XRP,XRP,"Jun 25, 2021",$0.6729,$0.6885,$0.6034,$0.6133,"$3,120,943,105","$28,362,814,442"
XRP,XRP,"Jun 24, 2021",$0.6386,$0.691,$0.6174,$0.672,"$2,781,916,002","$31,076,307,998"
XRP,XRP,"Jun 23, 2021",$0.5469,$0.6605,$0.5237,$0.6265,"$4,239,151,745","$28,973,825,088"
XRP,XRP,"Jun 22, 2021",$0.6072,$0.6489,$0.5127,$0.5451,"$4,784,173,339","$25,206,364,296"
XRP,XRP,"Jun 21, 2021",$0.7748,$0.7798,$0.6052,$0.6104,"$4,048,720,475","$28,203,450,403"
XRP,XRP,"Jun 20, 2021",$0.7604,$0.7843,$0.6994,$0.7764,"$3,068,578,656","$35,873,098,744"
XRP,XRP,"Jun 19, 2021",$0.7983,$0.8069,$0.7587,$0.7617,"$2,208,439,278","$35,193,703,528"
XRP,XRP,"Jun 18, 2021",$0.8423,$0.8449,$0.775,$0.7976,"$2,509,639,518","$36,855,962,940"
XRP,XRP,"Jun 17, 2021",$0.8317,$0.8614,$0.8259,$0.8414,"$2,684,672,890","$38,879,300,577"
XRP,XRP,"Jun 16, 2021",$0.8669,$0.8734,$0.8276,$0.8319,"$2,916,163,481","$38,438,955,214"
XRP,XRP,"Jun 15, 2021",$0.8871,$0.9023,$0.8603,$0.8898,"$3,585,820,721","$41,113,903,952"
XRP,XRP,"Jun 14, 2021",$0.883,$0.9261,$0.8638,$0.8929,"$3,005,221,040","$41,242,521,557"
XRP,XRP,"Jun 13, 2021",$0.8333,$0.8881,$0.8193,$0.8832,"$3,059,837,086","$40,792,805,237"
XRP,XRP,"Jun 12, 2021",$0.8479,$0.8479,$0.8077,$0.8327,"$2,731,548,390","$38,461,290,204"
XRP,XRP,"Jun 11, 2021",$0.8692,$0.8792,$0.8359,$0.8485,"$2,502,880,892","$39,189,555,813"
XRP,XRP,"Jun 10, 2021",$0.9213,$0.9278,$0.8538,$0.8692,"$3,157,272,780","$40,147,146,244"
XRP,XRP,"Jun 09, 2021",$0.8741,$0.92,$0.8323,$0.92,"$3,990,884,688","$42,495,962,615"
XRP,XRP,"Jun 08, 2021",$0.8628,$0.8855,$0.7886,$0.8758,"$4,491,339,501","$40,452,252,991"
XRP,XRP,"Jun 07, 2021",$0.9467,$0.9743,$0.849,$0.8612,"$3,466,113,432","$39,743,170,142"
XRP,XRP,"Jun 06, 2021",$0.9235,$0.9495,$0.9188,$0.9453,"$2,308,242,807","$43,625,920,335"
XRP,XRP,"Jun 05, 2021",$0.97,$0.9979,$0.8975,$0.9233,"$3,257,149,049","$42,610,574,444"
XRP,XRP,"Jun 04, 2021",$1.05,$1.05,$0.9202,$0.9702,"$4,638,523,697","$44,775,529,764"
XRP,XRP,"Jun 03, 2021",$1.03,$1.08,$1.01,$1.05,"$3,661,357,809","$48,242,632,209"
XRP,XRP,"Jun 02, 2021",$1.01,$1.05,$0.9814,$1.02,"$3,598,008,182","$47,277,113,120"
XRP,XRP,"Jun 01, 2021",$1.04,$1.10,$0.9793,$1.01,"$5,606,414,479","$46,658,714,117"
XRP,XRP,"May 31, 2021",$0.9064,$1.05,$0.8826,$1.05,"$6,277,821,474","$48,293,159,732"
XRP,XRP,"May 30, 2021",$0.832,$0.9301,$0.7998,$0.9066,"$4,077,064,725","$41,834,196,844"
XRP,XRP,"May 29, 2021",$0.8995,$0.9398,$0.7951,$0.8318,"$5,156,278,121","$38,381,695,413"
XRP,XRP,"May 28, 2021",$0.974,$0.9835,$0.8476,$0.9001,"$6,082,828,979","$41,536,092,428"
XRP,XRP,"May 27, 2021",$1.03,$1.04,$0.9356,$0.9702,"$5,204,084,865","$44,770,121,605"
XRP,XRP,"May 26, 2021",$0.9758,$1.07,$0.9501,$1.03,"$6,376,977,398","$47,699,814,352"
XRP,XRP,"May 25, 2021",$0.994,$1.06,$0.8838,$0.9762,"$8,637,179,369","$45,044,780,046"
XRP,XRP,"May 24, 2021",$0.7932,$0.9986,$0.7586,$0.9928,"$8,239,461,926","$45,812,985,214"
XRP,XRP,"May 23, 2021",$0.9065,$0.9673,$0.6523,$0.797,"$10,816,054,413","$36,770,599,361"
XRP,XRP,"May 22, 2021",$1.01,$1.02,$0.8264,$0.9063,"$8,750,076,614","$41,813,285,048"
XRP,XRP,"May 21, 2021",$1.18,$1.22,$0.8695,$1.01,"$10,998,911,191","$46,457,226,450"
XRP,XRP,"May 20, 2021",$1.06,$1.27,$0.9118,$1.19,"$13,626,658,452","$54,695,173,849"
XRP,XRP,"May 19, 2021",$1.59,$1.64,$0.8753,$1.07,"$20,523,476,458","$37,576,904,035"
XRP,XRP,"May 18, 2021",$1.49,$1.70,$1.48,$1.59,"$14,847,139,298","$55,848,005,959"
XRP,XRP,"May 17, 2021",$1.45,$1.56,$1.33,$1.50,"$13,573,485,606","$52,532,601,631"
XRP,XRP,"May 16, 2021",$1.49,$1.61,$1.35,$1.45,"$12,405,363,634","$50,998,556,787"
XRP,XRP,"May 15, 2021",$1.40,$1.58,$1.32,$1.49,"$13,321,419,261","$52,166,765,091"
XRP,XRP,"May 14, 2021",$1.36,$1.44,$1.32,$1.40,"$7,570,332,417","$49,254,085,094"
XRP,XRP,"May 13, 2021",$1.27,$1.39,$1.21,$1.36,"$12,358,993,946","$47,709,058,585"
XRP,XRP,"May 12, 2021",$1.48,$1.54,$1.25,$1.25,"$9,272,699,846","$43,810,403,721"
XRP,XRP,"May 11, 2021",$1.39,$1.49,$1.36,$1.48,"$7,973,181,908","$51,878,958,424"
XRP,XRP,"May 10, 2021",$1.53,$1.63,$1.25,$1.39,"$11,181,774,844","$48,765,667,888"
XRP,XRP,"May 09, 2021",$1.56,$1.59,$1.44,$1.54,"$8,243,079,607","$53,901,564,262"
XRP,XRP,"May 08, 2021",$1.58,$1.63,$1.54,$1.56,"$6,349,608,020","$54,860,213,883"
XRP,XRP,"May 07, 2021",$1.60,$1.69,$1.51,$1.58,"$10,400,571,927","$55,532,777,769"
XRP,XRP,"May 06, 2021",$1.62,$1.76,$1.55,$1.60,"$16,099,528,279","$72,672,809,671"
XRP,XRP,"May 05, 2021",$1.39,$1.62,$1.37,$1.61,"$13,318,453,320","$73,305,328,518"
XRP,XRP,"May 04, 2021",$1.56,$1.56,$1.34,$1.39,"$12,855,752,789","$63,219,482,673"
XRP,XRP,"May 03, 2021",$1.56,$1.62,$1.53,$1.56,"$7,612,512,785","$70,648,428,004"
XRP,XRP,"May 02, 2021",$1.65,$1.66,$1.53,$1.56,"$6,933,641,361","$70,950,198,082"
XRP,XRP,"May 01, 2021",$1.60,$1.67,$1.53,$1.65,"$8,206,771,323","$74,963,184,004"
XRP,XRP,"Apr 30, 2021",$1.40,$1.64,$1.38,$1.59,"$14,160,854,005","$72,268,392,381"
XRP,XRP,"Apr 29, 2021",$1.36,$1.42,$1.33,$1.40,"$7,633,164,142","$63,536,572,211"
XRP,XRP,"Apr 28, 2021",$1.40,$1.45,$1.29,$1.36,"$9,272,726,011","$61,685,957,513"
XRP,XRP,"Apr 27, 2021",$1.37,$1.46,$1.33,$1.40,"$13,584,693,517","$63,608,983,019"
XRP,XRP,"Apr 26, 2021",$1.04,$1.37,$1.02,$1.37,"$15,417,459,290","$62,135,663,610"
XRP,XRP,"Apr 25, 2021",$1.05,$1.15,$0.9529,$1.03,"$8,573,604,939","$46,868,572,793"
XRP,XRP,"Apr 24, 2021",$1.17,$1.17,$1.02,$1.05,"$8,586,287,312","$47,615,469,344"
XRP,XRP,"Apr 23, 2021",$1.16,$1.19,$0.9011,$1.17,"$20,235,915,090","$53,107,262,635"
XRP,XRP,"Apr 22, 2021",$1.29,$1.41,$1.12,$1.16,"$14,899,537,552","$52,654,229,111"
XRP,XRP,"Apr 21, 2021",$1.39,$1.46,$1.28,$1.30,"$12,545,052,977","$58,866,221,974"
XRP,XRP,"Apr 20, 2021",$1.31,$1.45,$1.19,$1.38,"$15,562,116,615","$62,807,347,013"
XRP,XRP,"Apr 19, 2021",$1.41,$1.53,$1.26,$1.32,"$17,637,508,685","$59,708,309,820"
XRP,XRP,"Apr 18, 2021",$1.56,$1.58,$1.17,$1.41,"$22,933,939,682","$63,837,977,820"
XRP,XRP,"Apr 17, 2021",$1.55,$1.74,$1.54,$1.56,"$14,507,135,285","$70,832,766,981"
XRP,XRP,"Apr 16, 2021",$1.76,$1.81,$1.45,$1.56,"$20,594,074,869","$70,717,988,351"
XRP,XRP,"Apr 15, 2021",$1.84,$1.88,$1.66,$1.77,"$15,403,982,671","$80,186,544,122"
XRP,XRP,"Apr 14, 2021",$1.79,$1.96,$1.58,$1.84,"$29,025,829,007","$83,508,712,026"
XRP,XRP,"Apr 13, 2021",$1.47,$1.89,$1.42,$1.79,"$31,123,574,741","$81,454,889,101"
XRP,XRP,"Apr 12, 2021",$1.35,$1.47,$1.32,$1.47,"$13,216,559,312","$66,641,080,474"
XRP,XRP,"Apr 11, 2021",$1.37,$1.49,$1.31,$1.36,"$21,224,874,412","$61,773,544,985"
XRP,XRP,"Apr 10, 2021",$1.02,$1.39,$1.01,$1.37,"$25,547,794,935","$62,404,026,788"
XRP,XRP,"Apr 09, 2021",$1.05,$1.08,$0.9866,$1.02,"$10,235,269,531","$46,350,091,394"
XRP,XRP,"Apr 08, 2021",$0.9191,$1.07,$0.9056,$1.05,"$12,888,349,509","$47,799,382,930"
XRP,XRP,"Apr 07, 2021",$1.10,$1.10,$0.8694,$0.9176,"$21,942,171,678","$41,661,654,118"
XRP,XRP,"Apr 06, 2021",$0.9169,$1.12,$0.8244,$1.10,"$36,955,175,105","$49,774,875,598"
XRP,XRP,"Apr 05, 2021",$0.6467,$0.9369,$0.634,$0.9205,"$26,415,199,263","$41,793,184,885"
XRP,XRP,"Apr 04, 2021",$0.5909,$0.647,$0.583,$0.6467,"$4,613,898,769","$29,364,108,461"
XRP,XRP,"Apr 03, 2021",$0.6168,$0.6534,$0.5877,$0.5909,"$6,757,992,981","$26,829,923,528"
XRP,XRP,"Apr 02, 2021",$0.5794,$0.6174,$0.5752,$0.6166,"$5,404,854,336","$27,994,707,394"
XRP,XRP,"Apr 01, 2021",$0.574,$0.5958,$0.559,$0.5793,"$4,725,008,531","$26,302,184,999"
XRP,XRP,"Mar 31, 2021",$0.5668,$0.5792,$0.5447,$0.5739,"$4,849,764,990","$26,055,985,343"
XRP,XRP,"Mar 30, 2021",$0.5677,$0.5859,$0.5631,$0.5669,"$3,831,603,058","$25,737,663,165"
XRP,XRP,"Mar 29, 2021",$0.5506,$0.5707,$0.5482,$0.5679,"$3,549,650,231","$25,783,622,951"
XRP,XRP,"Mar 28, 2021",$0.5504,$0.5622,$0.5455,$0.5508,"$2,795,107,715","$25,006,533,342"
XRP,XRP,"Mar 27, 2021",$0.5672,$0.5759,$0.5398,$0.5504,"$3,684,247,475","$24,992,351,034"
XRP,XRP,"Mar 26, 2021",$0.5174,$0.575,$0.5165,$0.5671,"$5,807,865,028","$25,746,588,636"
XRP,XRP,"Mar 25, 2021",$0.4882,$0.5274,$0.4711,$0.5175,"$6,061,921,454","$23,496,509,077"
XRP,XRP,"Mar 24, 2021",$0.5563,$0.5647,$0.4693,$0.4888,"$5,446,433,135","$22,195,159,228"
XRP,XRP,"Mar 23, 2021",$0.5501,$0.5993,$0.544,$0.5566,"$7,610,195,005","$25,271,657,446"
XRP,XRP,"Mar 22, 2021",$0.5198,$0.6026,$0.5055,$0.5499,"$9,732,075,816","$24,969,563,563"
XRP,XRP,"Mar 21, 2021",$0.5274,$0.5464,$0.4999,$0.5198,"$5,539,749,484","$23,602,621,699"
XRP,XRP,"Mar 20, 2021",$0.4711,$0.5529,$0.4702,$0.527,"$6,757,879,312","$23,927,507,591"
XRP,XRP,"Mar 19, 2021",$0.4728,$0.4784,$0.4634,$0.4712,"$2,626,051,305","$21,393,057,091"
XRP,XRP,"Mar 18, 2021",$0.4724,$0.4908,$0.4558,$0.4729,"$3,265,976,425","$21,472,444,568"
XRP,XRP,"Mar 17, 2021",$0.4628,$0.4833,$0.4571,$0.4724,"$4,341,765,347","$21,449,637,130"
XRP,XRP,"Mar 16, 2021",$0.4375,$0.515,$0.4301,$0.4626,"$7,382,009,786","$21,003,902,721"
XRP,XRP,"Mar 15, 2021",$0.4421,$0.4483,$0.4265,$0.4376,"$3,116,009,271","$19,866,760,408"
XRP,XRP,"Mar 14, 2021",$0.4596,$0.4621,$0.4421,$0.4421,"$2,509,435,800","$20,073,643,665"
XRP,XRP,"Mar 13, 2021",$0.4411,$0.4648,$0.4355,$0.4599,"$3,212,270,555","$20,882,422,750"
XRP,XRP,"Mar 12, 2021",$0.453,$0.4637,$0.433,$0.4411,"$3,326,213,717","$20,029,110,602"
XRP,XRP,"Mar 11, 2021",$0.463,$0.4643,$0.443,$0.453,"$3,186,670,815","$20,566,192,323"
XRP,XRP,"Mar 10, 2021",$0.4859,$0.4876,$0.4588,$0.4632,"$3,271,277,631","$21,029,601,065"
XRP,XRP,"Mar 09, 2021",$0.4737,$0.486,$0.4724,$0.486,"$3,020,728,025","$22,065,800,899"
XRP,XRP,"Mar 08, 2021",$0.4669,$0.486,$0.4573,$0.4736,"$3,587,390,975","$21,503,227,135"
XRP,XRP,"Mar 07, 2021",$0.4651,$0.4693,$0.4599,$0.4669,"$2,364,586,464","$21,197,655,055"
XRP,XRP,"Mar 06, 2021",$0.4579,$0.4707,$0.4525,$0.4651,"$2,758,849,692","$21,117,695,564"
XRP,XRP,"Mar 05, 2021",$0.4858,$0.4858,$0.4499,$0.4581,"$4,288,262,516","$20,800,453,451"
XRP,XRP,"Mar 04, 2021",$0.4501,$0.4931,$0.438,$0.4866,"$6,027,421,637","$22,093,842,734"
XRP,XRP,"Mar 03, 2021",$0.4369,$0.4667,$0.4335,$0.4503,"$3,304,301,858","$20,444,486,466"
XRP,XRP,"Mar 02, 2021",$0.4465,$0.4548,$0.4248,$0.4368,"$3,388,591,213","$19,834,171,592"
XRP,XRP,"Mar 01, 2021",$0.4151,$0.4513,$0.4136,$0.4472,"$3,547,533,777","$20,306,685,603"
XRP,XRP,"Feb 28, 2021",$0.4378,$0.4394,$0.3977,$0.415,"$4,325,860,134","$18,840,545,903"
XRP,XRP,"Feb 27, 2021",$0.4279,$0.4576,$0.4279,$0.4378,"$4,756,622,833","$19,878,291,691"
